{
  "model_types": [
    "RandomForestRegressor",
    "RandomForestClassifier"
  ],
  "training_date": "2025-11-19T00:44:05.101913",
  "feature_count": 23,
  "feature_columns": [
    "year",
    "month",
    "month_sin",
    "month_cos",
    "quarter",
    "quarter_sin",
    "quarter_cos",
    "year_normalized",
    "municipality_encoded",
    "barangay_encoded",
    "accident_count_lag1",
    "accident_count_lag3",
    "accident_count_lag6",
    "accident_count_lag12",
    "accident_count_rolling_mean_3",
    "accident_count_rolling_std_3",
    "accident_count_rolling_mean_6",
    "accident_count_rolling_std_6",
    "accident_count_rolling_mean_12",
    "accident_count_rolling_std_12",
    "muni_count_lag1",
    "muni_count_rolling_mean_3",
    "muni_count_rolling_std_3"
  ],
  "training_samples": 500,
  "test_samples": 126,
  "regressor_metrics": {
    "train_rmse": 0.2428316218816753,
    "train_mae": 0.10817434304069587,
    "train_r2": 0.9490509595968079,
    "train_mape": 5.556556974866032,
    "train_accuracy_pct": 94.44344302513397,
    "train_accuracy_20pct": 92.60000000000001,
    "train_accuracy_30pct": 96.0,
    "test_rmse": 0.634496855793445,
    "test_mae": 0.29150679546483543,
    "test_r2": 0.7437368403854367,
    "test_mape": 15.970412479572474,
    "test_accuracy_pct": 84.02958752042753,
    "test_accuracy_20pct": 76.98412698412699,
    "test_accuracy_30pct": 87.3015873015873,
    "cv_r2_mean": 0.7301636088332819,
    "cv_r2_std": 0.11691444699939438,
    "best_params": {
      "n_estimators": 450,
      "min_samples_split": 5,
      "min_samples_leaf": 1,
      "max_samples": 1.0,
      "max_features": null,
      "max_depth": 15,
      "bootstrap": true
    }
  },
  "classifier_metrics": {
    "train_accuracy": 0.962,
    "train_precision": 0.9042553191489362,
    "train_recall": 0.9941520467836257,
    "train_f1": 0.947075208913649,
    "test_accuracy": 0.8968253968253969,
    "test_precision": 0.7608695652173914,
    "test_recall": 0.9459459459459459,
    "test_f1": 0.8433734939759037,
    "test_roc_auc": 0.94959003947768,
    "cv_accuracy_mean": 0.922,
    "cv_accuracy_std": 0.011661903789690611,
    "confusion_matrix": [
      [
        78,
        11
      ],
      [
        2,
        35
      ]
    ],
    "best_params": {
      "n_estimators": 450,
      "min_samples_split": 7,
      "min_samples_leaf": 2,
      "max_samples": 1.0,
      "max_features": null,
      "max_depth": 30,
      "bootstrap": true
    }
  },
  "year_range": [
    2023,
    2025
  ],
  "use_log_target": true,
  "high_risk_threshold": 2.0,
  "use_time_split": true
}